,City,Cloudiness,Country,Date,Humidity,Lat,Lng,Max Temp,Wind Speed
0,Ushuaia,90,AR,1580002384,81,-54.8,-68.3,50.0,28.86
1,Vaini,90,TO,1580002425,88,-21.2,-175.2,80.6,12.75
2,Nanortalik,100,GL,1580002712,75,60.14,-45.24,23.34,16.98
3,Busselton,97,AU,1580002588,33,-33.65,115.33,84.0,5.23
4,Rikitea,0,PF,1580002622,77,-23.12,-134.97,79.11,10.22
5,Yellowknife,90,CA,1580002539,85,62.46,-114.35,10.4,6.93
6,Kaeo,5,NZ,1580002592,57,-35.1,173.78,84.0,8.99
7,Mar del Plata,0,AR,1580002762,55,-38.0,-57.56,66.2,11.41
8,Ous,100,RU,1580002762,97,60.91,61.52,1.62,3.6
9,Haines Junction,100,CA,1580002727,99,60.75,-137.51,-14.78,5.93
10,Bow Island,5,CA,1580002764,80,49.87,-111.37,35.6,6.93
11,Mataura,64,NZ,1580002764,58,-46.19,168.86,77.65,0.58
12,Antalaha,100,MG,1580002765,81,-14.9,50.28,80.38,18.25
13,East London,38,ZA,1580002498,84,-33.02,27.91,73.45,20.69
14,Nyurba,100,RU,1580002766,97,63.28,118.33,-14.87,7.81
15,Cidreira,74,BR,1580002549,68,-30.18,-50.21,75.56,14.32
16,Fuxin,0,CN,1580002767,47,42.02,121.66,22.48,1.88
17,Pandan,35,PH,1580002768,77,14.05,124.17,80.85,4.61
18,Baykit,100,RU,1580002768,85,61.67,96.37,14.97,12.57
19,Yulara,0,AU,1580002678,11,-25.24,130.99,91.4,14.99
20,Avarua,100,CK,1580002770,83,-21.21,-159.78,84.2,11.41
21,Cayenne,75,GF,1580002658,94,4.93,-52.33,75.2,2.24
22,Bluff,57,NZ,1580002771,52,-46.6,168.33,66.49,8.52
23,Kyra,0,RU,1580002723,71,49.58,111.98,7.29,2.35
24,Constitucion,0,CL,1580002511,67,-35.33,-72.42,63.21,5.7
25,Bilibino,100,RU,1580002773,89,68.05,166.44,-3.91,5.28
26,Charters Towers,100,AU,1580002773,57,-20.1,146.27,86.95,8.32
27,Samarai,79,PG,1580002774,74,-10.62,150.67,84.76,4.03
28,Terenos,0,BR,1580002775,78,-20.44,-54.86,75.2,4.7
29,Sajanan,20,TN,1580002775,81,37.06,9.24,46.4,4.7
30,Cape Town,75,ZA,1580002776,93,-33.93,18.42,60.01,9.17
31,Manavalakurichi,20,IN,1580002776,88,8.13,77.3,75.2,4.7
32,Birao,67,CF,1580002777,19,10.28,22.79,58.68,13.94
33,Amga,0,RU,1580002778,93,60.9,131.96,-30.8,1.1
34,Ribeira Grande,99,PT,1580002519,74,38.52,-28.7,54.21,5.59
35,Saint-Philippe,75,RE,1580002779,78,-21.36,55.77,73.4,9.17
36,Albany,90,US,1580002597,93,42.6,-73.97,39.99,9.17
37,Batagay-Alyta,0,RU,1580002780,54,67.8,130.41,-33.7,4.74
38,Buchanan,20,LR,1580002781,100,5.88,-10.05,77.0,1.86
39,Thinadhoo,100,MV,1580002646,80,0.53,72.93,82.31,14.03
40,Barrow,90,US,1580002488,75,71.29,-156.79,-20.2,10.29
41,Port Lincoln,32,AU,1580002783,54,-34.73,135.87,74.1,10.18
42,Zinder,0,NE,1580002783,15,13.81,8.99,60.57,15.95
43,Hilo,90,US,1580002784,57,19.73,-155.09,80.6,4.7
44,Atuona,74,PF,1580002599,77,-9.8,-139.03,80.74,13.8
45,Paraty,58,BR,1580002741,85,-23.22,-44.71,68.74,2.37
46,Puerto Ayora,75,EC,1580002503,78,-0.74,-90.35,78.8,8.05
47,Vardo,100,NO,1580002710,70,70.37,31.11,24.26,32.32
48,Madang,39,PG,1580002787,78,-5.22,145.8,84.06,10.94
49,Pevek,100,RU,1580002787,96,69.7,170.31,-9.44,0.45
50,Saint-Pierre,75,RE,1580002788,78,-21.34,55.48,73.4,9.17
51,Thompson,90,CA,1580002593,92,55.74,-97.86,15.8,4.56
52,Seguin,90,US,1580002789,100,29.57,-97.96,62.01,3.36
53,Tuktoyaktuk,90,CA,1580002537,75,69.45,-133.04,-13.0,23.04
54,Chokurdakh,100,RU,1580002493,86,70.63,147.92,-22.23,5.99
55,San Quintin,0,MX,1580002791,10,30.48,-115.95,42.01,5.99
56,Faanui,62,PF,1580002636,72,-16.48,-151.75,83.16,8.79
57,Hermanus,83,ZA,1580002588,97,-34.42,19.23,57.99,13.0
58,Santiago,47,CL,1580002534,24,-33.46,-70.65,80.6,8.05
59,Hofn,82,IS,1580002794,86,64.25,-15.21,38.97,16.04
60,Hobyo,100,SO,1580002696,81,5.35,48.53,77.79,10.33
61,Inhambane,22,MZ,1580002795,80,-23.86,35.38,77.94,9.93
62,Jamestown,90,US,1580002508,97,42.1,-79.24,36.0,3.36
63,Sungaipenuh,80,ID,1580002796,84,-2.08,101.38,74.26,1.16
64,George Town,20,MY,1580002796,78,5.41,100.34,80.6,3.36
65,Colquechaca,0,BO,1580002797,66,-18.67,-66.02,50.54,3.69
66,Dikson,100,RU,1580002686,95,73.51,80.55,-5.84,5.39
67,Bredasdorp,68,ZA,1580002798,72,-34.53,20.04,62.6,9.17
68,Grindavik,90,IS,1580002799,72,63.84,-22.43,35.6,9.17
69,Kavieng,48,PG,1580002773,72,-2.57,150.8,84.87,11.7
70,Mahebourg,40,MU,1580002800,78,-20.41,57.7,77.0,14.99
71,Narrabri,75,AU,1580002801,55,-30.32,149.78,86.0,16.11
72,Sao Joao da Barra,100,BR,1580002801,90,-21.64,-41.05,73.27,5.39
73,Leningradskiy,98,RU,1580002647,96,69.38,178.42,-12.55,4.12
74,Ulladulla,40,AU,1580002570,49,-35.35,150.47,93.2,9.17
75,Taoudenni,10,ML,1580002803,26,22.68,-3.98,67.41,4.63
76,Eureka,90,US,1580002804,87,40.8,-124.16,59.0,10.29
77,Tasiilaq,100,GL,1580002804,74,65.61,-37.64,28.4,28.86
78,Hithadhoo,100,MV,1580002588,77,-0.6,73.08,82.49,9.75
79,Newala,100,TZ,1580002806,98,-10.94,39.28,70.32,1.01
80,Tiksi,0,RU,1580002806,67,71.69,128.87,-28.1,5.19
81,Saint George,1,US,1580002807,43,37.1,-113.58,55.4,0.96
82,Bud,90,US,1580002807,91,39.45,-86.18,33.01,13.87
83,Carnarvon,13,AU,1580002599,69,-24.87,113.63,80.6,19.46
84,New Norfolk,75,AU,1580002809,56,-42.78,147.06,72.0,11.41
85,Punta Arenas,75,CL,1580002711,66,-53.15,-70.92,50.0,23.04
86,Yar-Sale,83,RU,1580002589,100,66.83,70.83,-8.99,3.53
87,Sao Marcos,0,BR,1580002810,59,-28.97,-51.07,70.0,1.97
88,Santa Fe,0,AR,1580002811,33,-31.63,-60.7,77.41,2.24
89,Vila Velha,75,BR,1580002616,94,-20.33,-40.29,71.6,4.7
90,Port Alfred,80,ZA,1580002813,98,-33.59,26.89,66.99,8.01
91,Bambous Virieux,40,MU,1580002588,78,-20.34,57.76,77.0,14.99
92,Louangphabang,5,LA,1580002814,76,19.89,102.13,55.4,2.77
93,Patan,75,NP,1580002761,100,27.67,85.33,42.8,1.66
94,Sinnamary,100,GF,1580002816,83,5.38,-52.95,79.95,18.81
95,Smithers,40,CA,1580002601,65,54.78,-127.17,41.0,6.93
96,Abha,40,SA,1580002817,87,18.22,42.51,48.2,4.7
97,Fairbanks,1,US,1580002817,74,64.84,-147.72,-9.0,6.04
98,Luis Correia,94,BR,1580002818,96,-2.88,-41.67,75.81,5.14
99,Butaritari,100,KI,1580002711,72,3.07,172.79,85.51,9.89
100,Grand Gaube,40,MU,1580002694,78,-20.01,57.66,77.0,14.99
101,Saskylakh,99,RU,1580002626,93,71.92,114.08,-20.51,16.46
102,Aklavik,90,CA,1580002593,69,68.22,-135.01,-13.0,19.46
103,Longyearbyen,7,SJ,1580002549,59,78.22,15.64,-0.4,3.36
104,Pervomayskoye,0,RU,1580002822,69,43.92,46.71,34.43,10.2
105,Padang,93,ID,1580002630,87,-0.95,100.35,77.05,1.16
106,Kodiak,90,US,1580002639,61,57.79,-152.41,17.6,23.04
107,Ancud,76,CL,1580002540,82,-41.87,-73.82,62.6,3.36
108,Gamba,60,GA,1580002824,85,-2.65,10.0,78.03,2.08
109,Fort Madison,90,US,1580002825,92,40.63,-91.32,33.01,10.29
110,Sao Jose da Coroa Grande,40,BR,1580002825,84,-8.9,-35.15,81.54,15.19
111,Hobart,75,AU,1580002611,56,-42.88,147.33,72.0,11.41
112,Airai,48,TL,1580002826,63,-8.93,125.41,82.2,3.29
113,Nikolskoye,40,RU,1580002595,79,59.7,30.79,30.99,4.47
114,San Jeronimo,98,PE,1580002828,88,-11.95,-75.28,42.26,0.83
115,Ayan,0,RU,1580002828,70,56.45,138.17,-11.85,11.83
116,Sao Felix do Xingu,100,BR,1580002829,95,-6.64,-51.99,72.57,1.21
117,Upernavik,100,GL,1580002830,94,72.79,-56.15,-14.24,7.61
118,Meulaboh,100,ID,1580002830,79,4.14,96.13,81.23,3.94
119,Otradnoye,40,RU,1580002831,79,59.78,30.82,30.99,4.47
120,Kpandae,0,GH,1580002831,11,8.47,-0.01,71.2,3.47
121,Tuatapere,98,NZ,1580002832,51,-46.13,167.68,65.64,4.76
122,Pyinmana,0,MM,1580002833,38,19.73,96.22,69.91,2.55
123,Galatone,75,IT,1580002833,87,40.14,18.07,55.99,13.87
124,Lompoc,1,US,1580002678,87,34.64,-120.46,66.0,8.05
125,Yeppoon,40,AU,1580002834,62,-23.13,150.73,86.0,12.75
126,Labuhan,0,ID,1580002542,69,-6.88,112.21,84.81,4.83
127,Nizhniy Tsasuchey,16,RU,1580002836,73,50.52,115.13,6.26,3.58
128,Lebu,0,CL,1580002672,85,-37.62,-73.65,61.23,7.78
129,Ust-Nera,100,RU,1580002837,98,64.57,143.2,-36.72,3.04
130,Nantucket,90,US,1580002673,93,41.28,-70.1,48.2,20.8
131,San Juan,76,AR,1580002838,24,-31.54,-68.54,90.91,15.93
132,Rocha,0,UY,1580002615,78,-34.48,-54.33,60.19,4.52
133,Vadso,43,NO,1580002839,67,70.07,29.75,21.2,27.51
134,Redmond,90,US,1580002723,93,47.67,-122.12,50.0,9.17
135,Abu Samrah,0,SY,1580002841,62,35.3,37.18,37.33,7.83
136,Isangel,75,VU,1580002841,78,-19.55,169.27,80.6,6.93
137,Cape Canaveral,1,US,1580002842,87,28.41,-80.6,59.0,4.7
138,Pavlovskiy Posad,40,RU,1580002842,80,55.78,38.65,32.0,20.13
139,Palmer,90,US,1580002843,93,42.16,-72.33,46.4,8.05
140,Castro,0,BR,1580002844,93,-24.79,-50.01,61.63,2.84
141,Klaksvik,100,FO,1580002844,93,62.23,-6.59,44.6,13.87
142,Doha,0,QA,1580002639,28,25.29,51.53,57.99,11.41
143,Safaga,0,EG,1580002846,69,26.73,33.94,49.05,7.45
144,Camana,100,PE,1580002846,84,-16.62,-72.71,67.42,2.62
145,Sangar,0,RU,1580002591,92,63.92,127.47,-35.7,4.83
146,Winnemucca,90,US,1580002848,50,40.97,-117.74,51.8,3.36
147,Honningsvag,100,NO,1580002574,70,70.98,25.97,22.96,23.31
148,Provincia di Oristano,40,IT,1580002849,80,39.9,8.6,46.0,3.36
149,Moron,0,AR,1580002849,69,-34.65,-58.62,80.01,11.41
150,Cherskiy,100,RU,1580002850,96,68.75,161.3,-17.93,2.71
151,Chicama,75,PE,1580002704,94,-7.84,-79.15,73.4,8.05
152,Ostrovnoy,100,RU,1580002851,98,68.05,39.51,1.87,10.38
153,Avera,1,US,1580002558,70,33.19,-82.53,46.4,5.82
154,Mosetse,68,BW,1580002852,52,-20.75,26.65,73.53,10.51
155,Kirkwall,100,GB,1580002853,87,58.98,-2.96,44.6,16.11
156,Marabu,75,MY,1580002854,89,4.41,114.01,84.2,4.7
157,Nagato,75,JP,1580002854,87,34.38,131.2,53.01,4.7
158,Ludwigslust,100,DE,1580002688,96,53.32,11.5,37.0,5.75
159,Termoli,18,IT,1580002856,98,41.99,14.99,46.0,3.69
160,Bereket,0,TM,1580002858,66,39.24,55.52,30.4,2.42
161,Paka,20,MY,1580002860,94,4.64,103.44,77.0,2.24
162,Arraial do Cabo,0,BR,1580002624,82,-22.97,-42.03,75.16,6.76
163,Marawi,0,PH,1580002647,81,8.0,124.29,82.0,5.01
164,Tianpeng,40,CN,1580002862,70,30.99,103.94,51.01,5.93
165,Panguna,0,PG,1580002863,56,-6.32,155.48,85.44,6.98
166,Qaanaaq,55,GL,1580002638,43,77.48,-69.36,-12.03,4.43
167,Hudson Bay,100,CA,1580002864,96,52.85,-102.38,19.96,4.47
168,San Patricio,75,MX,1580002697,78,19.22,-104.7,78.8,6.93
169,Griffith,90,US,1580002851,95,41.53,-87.42,34.0,9.71
170,Husavik,90,IS,1580002866,100,66.04,-17.34,28.4,10.29
171,Codrington,100,AU,1580002866,78,-38.27,141.97,61.56,20.42
172,Mae Hong Son,20,TH,1580002867,93,19.3,97.97,48.2,2.26
173,Srednekolymsk,100,RU,1580002608,92,67.45,153.68,-23.49,2.33
174,Uige,100,AO,1580002869,93,-7.61,15.06,66.9,1.99
175,Poum,100,NC,1580002869,82,-20.23,164.02,79.77,21.39
176,Skibbereen,75,IE,1580002722,93,51.55,-9.27,48.2,19.46
177,Lensk,100,RU,1580002870,93,60.73,114.93,20.79,10.89
178,Rudbar,9,AF,1580002871,82,30.15,62.6,51.71,3.02
179,Mount Gambier,90,AU,1580002671,82,-37.83,140.77,62.6,12.75
180,San Luis,0,AR,1580002872,24,-33.3,-66.34,82.33,14.41
181,Sumbe,100,AO,1580002873,88,-11.21,13.84,75.87,1.41
182,Salinopolis,100,BR,1580002873,81,-0.61,-47.36,82.81,12.39
183,Cawayan,0,PH,1580002874,80,9.97,122.62,80.64,6.71
184,Nanakuli,40,US,1580002875,51,21.39,-158.15,82.4,9.17
185,Kholm-Zhirkovskiy,22,RU,1580002875,87,55.52,33.47,27.28,10.29
186,Anadyr,90,RU,1580002876,78,64.75,177.48,15.8,13.42
187,Guerrero Negro,0,MX,1580002685,78,27.98,-114.06,62.11,9.37
188,Faya,40,SA,1580002877,87,18.39,42.45,48.2,4.7
189,Norman Wells,20,CA,1580002628,63,65.28,-126.83,-11.2,13.87
190,Sitka,90,US,1580002702,81,57.05,-135.33,44.6,23.04
191,Bathsheba,75,BB,1580002580,83,13.22,-59.52,77.0,6.93
192,Sola,63,VU,1580002879,75,-13.88,167.55,83.3,10.25
193,Khatanga,22,RU,1580002844,96,71.97,102.5,-23.94,2.64
194,Pinotepa Nacional,0,MX,1580002881,87,16.32,-98.02,69.1,0.74
195,Iqaluit,5,CA,1580002881,60,63.75,-68.51,-27.0,6.93
196,Narsaq,96,GL,1580002882,66,60.92,-46.05,14.0,3.36
197,Oistins,75,BB,1580002723,83,13.07,-59.53,77.0,6.93
198,Asau,25,RO,1580002883,85,46.43,26.4,32.0,3.31
199,Coquimbo,0,CL,1580002599,88,-29.95,-71.34,64.4,8.05
200,Fes,40,MA,1580002884,76,34.04,-5.0,51.8,12.75
201,Hambantota,40,LK,1580002687,100,6.12,81.12,75.2,12.75
202,Nykoeping,75,SE,1580002886,87,58.75,17.01,43.0,21.92
203,Cabo San Lucas,40,MX,1580002848,77,22.89,-109.91,70.0,3.36
204,Riobamba,100,EC,1580002602,97,-1.67,-78.63,47.7,3.58
205,Lagoa,100,PT,1580002860,65,39.05,-27.98,57.72,8.63
206,Dingle,31,PH,1580002616,73,11.0,122.67,84.15,5.21
207,Broome,90,US,1580002889,99,42.25,-75.83,36.0,8.05
208,La Ronge,90,CA,1580002729,92,55.1,-105.28,23.0,6.93
209,Raudeberg,100,NO,1580002890,100,61.99,5.14,45.0,24.16
210,Tura,0,IN,1580002890,55,25.52,90.22,63.28,3.38
211,Hay River,90,CA,1580002615,92,60.82,-115.8,12.2,3.36
212,Portland,90,US,1580002892,81,45.52,-122.68,54.0,6.93
213,Cap Malheureux,40,MU,1580002705,78,-19.98,57.61,77.0,14.99
214,Kokopo,67,PG,1580002893,77,-4.35,152.26,82.38,3.89
215,Port Hardy,90,CA,1580002893,81,50.7,-127.42,46.4,20.8
216,Port Elizabeth,75,ZA,1580002616,94,-33.92,25.57,68.0,17.22
217,Shimanovsk,19,RU,1580002895,92,52.0,127.7,-8.91,4.36
218,Waddan,80,LY,1580002895,31,29.16,16.14,55.09,3.76
219,College,1,US,1580002896,74,64.86,-147.8,-9.0,4.59
220,Batagay,0,RU,1580002897,92,67.63,134.63,-40.83,1.97
221,General Roca,73,AR,1580002706,28,-39.03,-67.58,86.0,14.99
222,Neuquen,71,AR,1580002898,28,-38.95,-68.06,86.0,14.99
223,Bethel,90,US,1580002740,100,41.37,-73.41,48.99,6.91
224,Kloulklubed,75,PW,1580002686,79,7.04,134.26,84.2,12.75
225,Coari,100,BR,1580002900,98,-4.08,-63.14,74.34,1.9
226,Emba,100,KZ,1580002900,95,48.83,58.14,28.69,21.34
227,Akdepe,51,TM,1580002866,79,42.06,59.38,28.4,13.87
228,Martinsville,1,US,1580002742,69,36.69,-79.87,42.8,4.94
229,Stepnyak,96,KZ,1580002902,82,52.83,70.78,12.4,24.45
230,Provideniya,0,RU,1580002713,69,64.38,-173.3,-5.44,3.4
231,Nishihara,90,JP,1580002667,88,26.18,127.76,75.2,13.87
232,Riyadh,0,SA,1580002904,60,24.69,46.72,42.8,14.99
233,Ardatov,100,RU,1580002905,86,55.24,43.1,26.37,15.41
234,Naica,90,MX,1580002905,34,27.85,-105.48,63.16,5.12
235,General MacArthur,0,PH,1580002906,79,11.25,125.54,81.64,8.57
236,Westport,90,US,1580002657,100,41.14,-73.36,50.0,10.47
237,Kruisfontein,89,ZA,1580002907,87,-34.0,24.73,64.71,22.73
238,Hong Kong,40,HK,1580002711,93,22.29,114.16,59.0,16.11
239,Lorengau,85,PG,1580002908,71,-2.02,147.27,84.22,6.04
240,Bandarbeyla,52,SO,1580002909,81,9.49,50.81,78.28,20.22
241,Pacific Grove,75,US,1580002910,87,36.62,-121.92,61.0,10.29
242,Show Low,1,US,1580002819,48,34.25,-110.03,44.6,5.68
243,Manokwari,76,ID,1580002911,71,-0.87,134.08,82.04,5.86
244,Mogadishu,100,SO,1580002892,82,2.04,45.34,81.23,23.13
245,Rawlins,75,US,1580002912,86,41.79,-107.24,32.0,5.82
246,Buraidah,0,SA,1580002732,93,26.33,43.98,39.2,9.17
247,The Valley,75,AI,1580002621,78,18.22,-63.06,79.0,1.12
248,Gawler,75,AU,1580002914,64,-34.6,138.73,80.01,11.41
249,Sioux Lookout,90,CA,1580002915,85,50.1,-91.92,24.8,4.7
250,Sawtell,23,AU,1580002643,65,-30.38,153.1,87.01,19.46
251,Flinders,40,AU,1580002916,49,-34.58,150.86,99.0,9.17
252,Hit,0,IQ,1580002917,67,33.64,42.83,44.6,10.63
253,Namatanai,67,PG,1580002618,71,-3.67,152.43,85.87,12.68
254,Wangkui,0,CN,1580002918,88,46.83,126.5,3.47,8.5
255,Kanzaki,75,JP,1580002919,81,33.3,130.37,53.01,13.87
256,Seoul,1,KR,1580002764,80,37.57,126.98,39.2,5.19
257,Payson,1,US,1580002920,88,40.04,-111.73,39.0,5.82
258,De-Kastri,49,RU,1580002920,76,51.47,140.78,-2.15,6.8
259,Natchitoches,75,US,1580002921,71,31.77,-93.13,55.4,7.0
260,Monrovia,20,LR,1580002922,100,6.3,-10.8,77.0,5.79
261,Esperance,95,AU,1580002922,53,-33.87,121.9,75.2,6.93
262,Ankang,97,CN,1580002923,69,32.68,109.02,38.8,3.4
263,Sao Filipe,21,CV,1580002850,63,14.9,-24.5,73.94,18.75
264,Kedrovyy,40,RU,1580002924,68,56.17,91.82,24.8,8.95
265,Ponta do Sol,40,PT,1580002925,67,32.67,-17.1,60.8,3.36
266,Tiznit,32,MA,1580002926,91,29.58,-9.5,46.69,4.07
267,Richards Bay,1,ZA,1580002926,81,-28.78,32.04,77.38,26.22
268,Gursu,57,TR,1580002927,86,40.22,29.19,26.6,3.36
269,Rock Springs,1,US,1580002927,88,41.59,-109.2,32.0,17.22
270,Bagdarin,60,RU,1580002928,84,54.43,113.6,4.59,1.63
271,Kalmunai,88,LK,1580002929,70,7.42,81.82,80.01,14.27
272,Arkhangelsk,20,RU,1580002929,83,64.54,40.54,-11.2,1.48
273,Road Town,20,VG,1580002930,83,18.42,-64.62,77.0,3.36
274,Saint Anthony,90,US,1580002930,80,45.02,-93.22,30.2,3.36
275,Kasongo-Lunda,96,CD,1580002931,96,-6.47,16.82,68.9,0.63
276,Bilma,58,NE,1580002647,17,18.69,12.92,59.02,11.01
277,Wajima,75,JP,1580002932,65,37.4,136.9,44.6,11.41
278,Mundargi,0,IN,1580002933,35,15.22,75.9,72.32,4.54
279,Jinxiang,100,CN,1580002934,86,22.86,115.7,57.99,4.0
280,Dahanu,0,IN,1580002934,57,19.97,72.73,75.09,14.76
281,Talcahuano,0,CL,1580002935,64,-36.72,-73.12,68.0,11.41
282,Regina,90,CA,1580002656,100,50.45,-104.62,33.01,9.17
283,Tambura,100,SS,1580002936,25,5.6,27.47,66.31,6.44
284,America Dourada,100,BR,1580002937,89,-11.46,-41.44,70.5,2.17
285,Changde,85,CN,1580002937,68,29.05,111.68,42.55,12.17
286,Katsuura,75,JP,1580002938,86,35.13,140.3,41.0,5.82
287,Celestun,0,MX,1580002938,79,20.87,-90.4,73.42,21.14
288,Meleuz,100,RU,1580002939,98,52.97,55.92,28.56,0.25
289,Souillac,40,MU,1580002712,78,-20.52,57.52,77.0,14.99
290,San-Pedro,32,CI,1580002940,85,4.75,-6.64,81.75,4.81
291,Verkhnyaya Inta,84,RU,1580002941,99,65.98,60.31,-7.76,2.82
292,Coyhaique,5,CL,1580002941,45,-45.58,-72.07,62.6,8.05
293,Chui,3,UY,1580002942,80,-33.7,-53.46,65.59,5.46
294,Kondinskoye,99,RU,1580002750,98,59.65,67.41,-4.25,7.34
295,Shenjiamen,100,CN,1580002943,89,29.96,122.3,53.98,24.34
296,Cabedelo,20,BR,1580002944,88,-6.98,-34.83,80.6,6.93
297,Nelson Bay,23,AU,1580002945,44,-32.72,152.15,99.0,8.05
298,Dhemaji,0,IN,1580002945,93,27.48,94.58,46.4,3.36
299,Ossora,100,RU,1580002946,87,59.24,163.07,32.81,30.65
300,Geraldton,15,AU,1580002879,69,-28.77,114.6,77.0,12.75
301,Yerbogachen,100,RU,1580002947,88,61.28,108.01,24.85,16.87
302,Zeya,18,RU,1580002948,89,53.75,127.27,-16.19,3.58
303,Molina,0,CL,1580002949,24,-35.12,-71.28,82.4,4.7
304,Bahir Dar,27,ET,1580002949,51,11.59,37.39,55.47,2.64
305,Pisco,20,PE,1580002950,83,-13.7,-76.22,75.99,19.46
306,Pringsewu,100,ID,1580002950,73,-5.36,104.97,83.5,2.01
307,Manta,40,EC,1580002821,78,-0.95,-80.73,78.8,18.34
308,Teacapan,100,MX,1580002952,78,22.55,-105.75,69.58,2.46
309,Kamenka,3,RU,1580002952,85,51.32,42.77,32.0,11.01
310,Voineasa,0,RO,1580002953,74,44.28,24.13,37.0,4.7
311,Chabahar,48,IR,1580002953,82,25.29,60.64,60.8,8.23
312,Havre-Saint-Pierre,75,CA,1580002772,85,50.23,-63.6,12.2,2.24
313,Voyvozh,100,RU,1580002955,99,62.89,54.96,-4.5,3.69
314,Los Banos,40,PH,1580002955,74,14.17,121.18,84.99,2.24
315,Krasnosel'kup,95,RU,1580002956,98,65.7,82.47,-6.83,9.42
316,Vilyuysk,93,RU,1580002956,96,63.76,121.62,-27.17,10.42
317,Bengkulu,100,ID,1580002957,58,-3.8,102.27,87.44,2.1
318,Dashitou,0,CN,1580002958,68,43.31,128.51,14.56,2.62
319,Mount Isa,90,AU,1580002766,100,-20.73,139.5,77.0,8.05
320,Magistralnyy,100,RU,1580002959,90,56.17,107.45,16.47,6.31
321,Vila Franca do Campo,40,PT,1580002959,87,37.72,-25.43,57.2,3.36
322,Minsk,75,BY,1580002808,80,53.9,27.57,35.6,6.71
323,Byron Bay,40,AU,1580002961,65,-28.65,153.62,84.99,14.99
324,Bariloche,100,AR,1580002961,92,-41.15,-71.31,52.25,9.37
325,Sabha,48,LY,1580002962,24,27.04,14.43,54.81,9.19
326,Hastings,99,GB,1580002962,100,50.86,0.57,46.99,13.87
327,Maniitsoq,100,GL,1580002963,85,65.42,-52.9,13.89,13.18
328,Zubova Polyana,100,RU,1580002964,89,54.08,42.84,26.26,17.56
329,Luanda,20,AO,1580002819,78,-8.84,13.23,80.6,4.7
330,Hailar,100,CN,1580002965,87,49.2,119.7,4.84,7.0
331,Kapaa,40,US,1580002966,74,22.08,-159.32,80.6,10.29
332,Beringovskiy,100,RU,1580002966,85,63.05,179.32,14.74,5.86
333,Xihe,100,CN,1580002967,84,31.69,113.47,37.06,11.88
334,Dzerzhinskoye,100,RU,1580002967,90,56.83,95.23,19.44,5.44
335,Clyde River,1,CA,1580002968,67,70.47,-68.59,-27.4,10.29
336,Katherine,84,AU,1580002969,55,-14.47,132.27,89.6,9.17
337,Lingao,96,CN,1580002969,85,19.91,109.69,62.2,17.81
338,Porto-Novo,21,BJ,1580002970,48,6.5,2.6,71.47,4.81
339,Smidovich,22,RU,1580002970,83,48.6,133.82,3.09,12.95
340,Arrondissement de Bastia,75,FR,1580002971,93,42.67,9.33,46.4,4.7
341,Teya,60,RU,1580002972,86,60.38,92.63,9.73,9.82
342,Touros,75,BR,1580002972,83,-5.2,-35.46,80.6,4.7
343,Wanaka,70,NZ,1580002973,50,-44.7,169.15,68.59,9.66
344,Sechura,100,PE,1580002973,86,-5.56,-80.82,74.41,9.78
345,Capreol,90,CA,1580002974,99,46.71,-80.92,32.0,6.93
346,Fortuna,90,US,1580002975,87,40.6,-124.16,59.0,10.29
347,Tokur,100,RU,1580002975,93,53.13,132.9,-11.31,3.04
348,Djambala,81,CG,1580002976,83,-2.54,14.75,71.33,0.87
349,Ottawa,90,CA,1580002745,98,45.41,-75.7,34.0,13.87
350,Chara,46,RU,1580002977,84,56.91,118.26,0.79,2.66
351,Hasaki,75,JP,1580002978,93,35.73,140.83,41.0,3.36
352,Torbay,5,CA,1580002841,78,47.67,-52.73,19.99,13.87
353,Aksay,75,RU,1580002979,82,47.26,39.87,35.6,11.18
354,La Asuncion,99,VE,1580002980,62,11.03,-63.86,87.8,9.17
355,Gainesville,1,US,1580002922,76,29.65,-82.32,53.01,3.36
356,Progreso,40,MX,1580002981,69,21.28,-89.67,73.4,11.41
357,Ilulissat,92,GL,1580002982,42,69.22,-51.1,8.6,11.41
358,Vestmannaeyjar,100,IS,1580002856,96,63.44,-20.27,33.46,15.32
359,Ola,100,RU,1580002983,88,59.58,151.28,-3.1,15.46
360,Shingu,75,JP,1580002984,93,33.73,135.98,48.2,4.7
361,Maceio,75,BR,1580002848,94,-9.67,-35.74,78.8,9.17
362,Severo-Kuril'sk,100,RU,1580002867,92,50.68,156.12,18.86,40.24
363,Mufumbwe,32,ZM,1580002985,98,-13.68,24.8,62.4,2.73
364,Half Moon Bay,40,US,1580002744,93,37.46,-122.43,62.6,3.36
365,Xingyi,100,CN,1580002987,76,24.19,102.82,42.17,3.58
366,Buluang,39,PH,1580002987,74,13.31,123.34,82.72,1.86
367,Eyl,9,SO,1580002988,80,7.98,49.82,78.76,20.2
368,Oriximina,100,BR,1580002904,83,-1.77,-55.87,78.57,5.59
369,Truro,34,GB,1580002989,93,50.27,-5.05,50.0,10.29
370,Naze,75,JP,1580002990,88,28.37,129.48,71.6,12.75
371,Bogorodskoye,100,RU,1580002990,88,56.55,37.88,24.4,12.93
372,Arrondissement de Rodez,75,FR,1580002991,81,44.5,2.58,44.01,9.17
373,Ihosy,48,MG,1580002991,95,-22.4,46.12,60.69,13.42
374,Koyima,0,SL,1580002992,53,8.7,-11.03,64.04,1.66
375,Pelhrimov,90,CZ,1580002993,89,49.43,15.22,32.0,3.36
376,Mukhen,97,RU,1580002993,76,48.1,136.1,4.19,9.44
377,Imbituba,33,BR,1580002994,83,-28.24,-48.67,73.4,1.12
378,Baculin,6,PH,1580002995,74,7.45,126.58,81.0,4.97
379,Staroye Drozhzhanoye,100,RU,1580002995,91,54.73,47.57,23.79,16.35
380,Olafsvik,77,IS,1580002996,82,64.89,-23.71,31.23,15.55
381,Chimbote,94,PE,1580002849,75,-9.09,-78.58,73.87,5.97
382,Zhigansk,80,RU,1580002997,89,66.77,123.37,-32.06,12.64
383,Douglas,90,US,1580002804,86,41.3,-96.17,30.2,3.36
384,Tayga,40,RU,1580002998,85,56.06,85.62,19.99,15.66
385,Nogliki,0,RU,1580002999,83,51.83,143.17,-3.91,13.24
386,Palu,26,ID,1580002708,48,-0.89,119.87,87.22,2.86
387,Puerto Ayacucho,69,VE,1580002917,67,5.66,-67.62,77.61,1.12
388,Houma,40,US,1580002962,71,29.6,-90.72,55.99,3.36
389,Benguela,100,AO,1580003001,77,-12.58,13.41,77.45,3.18
390,Huarmey,100,PE,1580003002,62,-10.07,-78.15,76.44,4.16
391,Alta Floresta,100,BR,1580003002,96,-9.88,-56.09,71.01,3.47
392,Rincon,1,US,1580002954,61,32.3,-81.24,51.8,5.82
393,Voi,100,KE,1580003004,92,-3.39,38.56,69.62,4.59
394,Kahului,1,US,1580002888,51,20.89,-156.47,84.2,20.8
395,Omboue,2,GA,1580003005,95,-1.57,9.26,75.56,1.48
396,Chernyakhovsk,100,RU,1580003006,87,54.63,21.82,37.9,11.03
397,'Ewa Beach,40,US,1580003006,51,21.32,-158.01,82.4,9.17
398,Kieta,17,PG,1580003007,72,-6.22,155.63,84.7,8.59
399,Grand-Lahou,28,CI,1580003007,85,5.14,-5.02,81.5,10.02
400,Alihe,86,CN,1580003008,71,50.57,123.72,9.32,3.98
401,Sept-Iles,75,CA,1580002894,72,50.2,-66.38,16.0,4.7
402,Killybegs,100,IE,1580003009,93,54.63,-8.45,46.99,15.99
403,Sirte,100,LY,1580002859,36,31.21,16.59,57.7,12.66
404,Bosaso,26,SO,1580003010,78,11.28,49.18,76.39,3.69
405,Mayor Pablo Lagerenza,0,PY,1580003011,41,-19.93,-60.77,78.64,4.5
406,Langa,100,DK,1580003012,93,56.39,9.89,42.8,14.99
407,Marsh Harbour,39,BS,1580003012,79,26.54,-77.06,71.67,13.62
408,Kenai,1,US,1580002718,59,60.55,-151.26,10.0,11.41
409,Hamilton,90,US,1580002794,100,39.18,-84.53,34.0,5.82
410,Loma Bonita,5,PA,1580003014,44,8.38,-80.17,80.01,1.99
411,Aguimes,20,ES,1580003015,55,27.91,-15.45,60.8,9.17
412,Saint-Augustin,40,CA,1580003015,79,51.23,-58.65,14.79,10.8
413,Tandil,0,AR,1580002775,51,-37.32,-59.13,66.99,3.0
414,Thanh Hoa,100,VN,1580002747,69,19.8,105.77,57.13,14.65
415,Najran,0,SA,1580003017,54,17.49,44.13,53.6,1.79
416,Erzin,0,TR,1580003018,65,36.96,36.2,42.8,5.82
417,Wukari,0,NG,1580003018,14,7.85,9.78,64.63,6.55
418,Marystown,0,CA,1580003019,73,47.17,-55.15,26.04,8.97
419,Nemuro,20,JP,1580003019,48,43.32,145.57,17.6,6.93
420,Salisbury,36,GB,1580002979,100,51.07,-1.8,48.2,9.17
421,Asbestovskiy,98,RU,1580003021,96,57.76,61.4,11.46,4.97
422,Sistranda,75,NO,1580003021,87,63.73,8.83,46.4,31.09
423,Ahipara,94,NZ,1580002883,84,-35.17,173.17,69.64,15.66
424,Lata,20,PT,1580002850,93,40.16,-8.33,50.0,3.36
425,Wawa,5,NG,1580003023,26,9.9,4.42,69.3,6.2
426,Usinsk,91,RU,1580003024,100,65.99,57.53,-10.97,1.1
427,Wilayat-e Zabul,97,AF,1580003024,98,32.25,67.25,28.42,1.97
428,Ballina,40,AU,1580003025,65,-28.87,153.57,84.2,14.99
429,Selikhino,100,RU,1580003026,92,50.37,137.5,-3.03,10.83
430,Popondetta,69,PG,1580003026,67,-8.75,148.25,85.08,4.65
431,Wick,100,GB,1580003027,81,58.43,-3.08,44.6,11.41
432,Jiaojiang,100,CN,1580003027,97,28.68,121.44,50.0,3.0
433,Mecca,0,SA,1580003028,29,21.43,39.83,57.22,11.59
434,Saldanha,83,ZA,1580003029,87,-33.01,17.94,60.8,11.41
435,Wahpeton,90,US,1580003029,85,46.27,-96.61,23.0,4.7
436,Appingedam,75,NL,1580003030,81,53.32,6.86,36.0,6.93
437,Jacmel,40,HT,1580003030,74,18.23,-72.53,78.8,6.93
438,Ciudad Lazaro Cardenas,48,MX,1580003031,79,17.96,-102.2,73.53,1.97
439,Black Diamond,1,US,1580003032,87,47.31,-122.0,50.0,4.21
440,Xinyu,100,CN,1580003032,93,27.8,114.93,44.08,4.03
441,Turmalina,100,BR,1580003033,99,-17.29,-42.73,67.23,6.08
442,Fairview,90,US,1580003034,93,40.81,-74.0,48.2,3.36
443,Tukrah,100,LY,1580003034,59,32.53,20.58,52.27,11.99
444,Bintulu,75,MY,1580003035,83,3.17,113.03,84.2,3.36
445,Adrar,100,MR,1580003035,23,20.5,-10.07,73.99,10.58
446,Philadelphia,20,US,1580002967,93,39.95,-75.16,44.01,8.05
447,Pangnirtung,100,CA,1580003037,99,66.15,-65.71,-36.89,2.98
448,Kostino,100,RU,1580003037,96,58.91,53.27,12.65,3.62
449,Kovvur,32,IN,1580002744,88,17.02,81.73,73.4,5.82
450,Hulan Ergi,0,CN,1580003039,73,47.2,123.63,11.37,4.92
451,Cassilandia,69,BR,1580003039,90,-19.11,-51.73,72.3,4.07
452,Sroda Wielkopolska,90,PL,1580003040,65,52.23,17.28,33.01,4.7
453,Kampot,20,KH,1580003040,78,10.62,104.18,80.6,2.24
454,Fairmount,90,US,1580002890,98,43.05,-76.24,35.01,4.7
455,Sorland,100,NO,1580003042,74,67.67,12.69,35.04,29.84
456,Noumea,75,NC,1580003002,38,-22.28,166.46,91.4,10.29
457,Cooma,0,AU,1580003043,9,-36.23,149.13,84.2,16.11
458,Nome,1,US,1580003043,69,64.5,-165.41,-13.0,3.36
459,Rocky Mountain House,0,CA,1580003044,85,52.37,-114.92,25.3,2.73
460,Klyuchi,33,RU,1580003045,87,52.27,79.17,5.0,14.61
461,Palauig,93,PH,1580003045,69,15.44,119.9,81.1,5.79
462,Bhavnagar,0,IN,1580003046,30,21.77,72.15,68.18,6.53
463,Muravlenko,88,RU,1580003047,95,63.79,74.52,-0.24,9.53
464,Djenne,61,ML,1580003047,9,13.91,-4.55,73.45,11.3
465,Qaqortoq,89,GL,1580003048,66,60.72,-46.03,14.0,3.36
466,Lloydminster,90,CA,1580003048,98,53.28,-110.0,33.8,5.82
467,Chichimila,58,MX,1580003049,98,20.62,-88.22,66.42,3.44
468,Balaipungut,89,ID,1580003050,94,1.05,101.28,80.6,4.7
469,West Bay,20,KY,1580003050,73,19.37,-81.42,77.0,4.7
470,Tupa,0,BR,1580002992,82,-21.93,-50.51,69.71,3.31
471,Sur,7,OM,1580003051,83,22.57,59.53,67.05,5.73
472,Zhuhai,75,CN,1580003052,93,22.28,113.57,60.01,17.22
473,La Orilla,48,MX,1580003053,79,17.98,-102.23,73.53,1.97
474,Gorele,2,TR,1580003053,60,41.03,39.0,39.2,1.12
475,Eagle Pass,75,US,1580003054,87,28.71,-100.5,60.8,6.46
476,Rey Bouba,0,CM,1580003054,16,8.67,14.18,60.42,1.34
477,Nizwa,71,OM,1580003055,84,22.93,57.53,58.89,9.44
478,Vao,91,NC,1580003056,79,-22.67,167.48,77.95,15.61
479,Atasu,100,KZ,1580003056,94,48.68,71.64,6.87,15.97
480,Nouakchott,99,MR,1580003057,31,18.09,-15.98,78.8,11.41
481,Gushikawa,90,JP,1580002961,88,26.35,127.87,75.2,13.87
482,Whitehorse,90,CA,1580002848,83,60.72,-135.05,-2.99,11.41
483,Chiredzi,74,ZW,1580003059,77,-21.05,31.67,67.98,1.88
484,Helong,0,CN,1580003059,62,42.54,129.0,23.14,4.14
485,Poronaysk,0,RU,1580003060,70,49.22,143.12,3.15,2.51
486,Aswan,0,EG,1580003061,78,24.09,32.91,46.38,10.54
487,Wagar,0,SD,1580003061,87,16.15,36.2,55.96,14.41
488,Balkhash,31,KZ,1580003062,84,46.84,74.98,5.0,6.71
489,Virpur,0,IN,1580003063,38,23.18,73.48,65.28,5.79
490,Roald,100,NO,1580003063,93,62.58,6.13,46.0,23.04
491,Orikum,95,AL,1580003064,81,40.33,19.47,52.61,6.87
492,Praia,87,CV,1580003064,75,14.92,-23.51,70.63,13.87
493,Sheltozero,100,RU,1580003065,76,61.37,35.37,23.2,14.03
494,Hwange,17,ZW,1580003066,83,-18.37,26.5,67.46,3.27
495,Krasnyy Chikoy,0,RU,1580003066,83,50.36,108.75,9.55,1.68
496,Kupang,40,ID,1580003067,88,-10.17,123.58,82.4,1.12
497,Nabinagar,0,BD,1580003067,93,23.89,90.97,55.4,2.17
498,Biak,18,ID,1580002853,72,-0.91,122.88,83.3,5.1
499,Alofi,22,NU,1580003069,79,-19.06,-169.92,84.2,9.17
500,Palekastro,67,GR,1580003069,80,35.2,26.25,51.01,1.99
501,Kaitangata,5,NZ,1580003070,65,-46.28,169.85,66.99,10.45
502,Vicuna,6,CL,1580003070,88,-30.03,-70.71,64.4,8.05
503,Fushun,0,CN,1580003071,72,41.86,123.92,10.4,8.95
504,Zhigalovo,100,RU,1580003072,87,54.81,105.16,10.22,2.71
505,Anloga,21,GH,1580003072,73,5.79,0.9,71.6,2.24
506,Mossamedes,69,AO,1580003073,74,-15.2,12.15,74.68,12.53
507,Guiratinga,97,BR,1580003073,87,-16.35,-53.76,72.3,1.7
508,Menongue,100,AO,1580003074,95,-14.66,17.69,61.77,3.18
509,Batticaloa,100,LK,1580003075,78,7.71,81.69,77.14,4.29
510,Oleksandrivka,99,UA,1580003075,71,46.84,32.76,32.0,5.86
511,Ambon,20,ID,1580003076,62,-3.7,128.18,89.6,5.82
512,Arrondissement de Figeac,100,FR,1580003077,75,44.75,1.92,44.6,5.82
513,Fort Nelson,75,CA,1580003077,85,58.81,-122.7,10.4,3.36
514,Homer,1,US,1580003078,43,59.64,-151.55,12.2,18.34
515,Te Anau,100,NZ,1580003079,79,-45.42,167.72,63.37,7.38
516,Ardakan,75,IR,1580003079,55,32.31,54.02,37.4,6.93
517,Kitimat,90,CA,1580003080,93,54.05,-128.65,37.4,11.41
518,Port Blair,78,IN,1580003080,70,11.67,92.75,77.85,13.78
519,Mujiayingzi,0,CN,1580003081,34,42.12,118.78,27.46,3.53
520,Gaza,0,PS,1580003082,87,31.5,34.47,45.0,3.36
521,Beloha,0,MG,1580003082,85,-25.17,45.05,67.44,10.22
522,Suriapet,46,IN,1580003083,64,17.15,79.62,72.88,2.37
523,Beira,54,MZ,1580003057,88,-19.84,34.84,75.2,3.36
524,Aviles,0,ES,1580003084,87,43.55,-5.92,48.99,11.41
525,Los Llanos de Aridane,29,ES,1580003085,63,28.66,-17.92,60.8,6.93
526,Rumoi,100,JP,1580003085,58,43.93,141.64,25.83,15.3
527,Kankaanpaeae,75,FI,1580003086,80,61.8,22.42,35.6,9.17
528,Erenhot,0,CN,1580003086,75,43.65,111.98,18.23,7.18
529,San Gabriel,1,US,1580003087,48,34.1,-118.11,68.0,6.93
530,Lerwick,100,GB,1580003088,87,60.15,-1.15,46.4,17.22
531,Mporokoso,99,ZM,1580003088,97,-9.37,30.12,61.7,1.7
532,Rovaniemi,100,FI,1580003089,91,66.5,25.72,-2.2,4.7
533,Lekoni,100,GA,1580003090,47,-1.58,14.26,79.21,2.86
534,Chifeng,0,CN,1580003028,31,42.27,118.96,26.2,4.56
535,Tenenkou,96,ML,1580003091,9,14.46,-4.92,73.27,9.62
536,Piet Retief,0,ZA,1580003091,94,-27.01,30.81,59.97,6.29
537,Tambopata,100,PE,1580003092,95,-12.73,-69.18,74.53,1.1
538,Arona,75,ES,1580003093,51,28.1,-16.68,61.0,9.17
539,Opuwo,6,NA,1580003093,41,-18.06,13.84,66.04,4.88
540,Yabrud,0,SY,1580003094,92,33.97,36.66,30.2,2.24
541,Hervey Bay,75,AU,1580003095,74,-25.3,152.85,88.0,11.41
542,Ardmore,90,US,1580003095,62,34.17,-97.14,59.0,8.3
543,Kosa,100,RU,1580003096,96,59.94,55.0,7.05,2.35
544,Silikatnyy,90,RU,1580003096,100,53.99,48.33,21.2,2.24
545,Gigmoto,90,PH,1580003097,81,13.78,124.39,81.14,12.53
546,Brits,6,ZA,1580003098,93,-25.63,27.78,60.01,3.36
547,Margate,100,GB,1580003098,100,51.38,1.39,46.4,13.87
548,Maraa,76,BR,1580003099,92,-1.83,-65.37,76.23,2.66
549,Boyle,90,US,1580003099,100,37.63,-84.87,37.0,8.05
550,Ejura,50,GH,1580003100,32,7.39,-1.36,68.2,0.6
551,Dudinka,75,RU,1580003101,84,69.41,86.18,3.2,11.18
552,Kushima,75,JP,1580003101,93,31.46,131.23,51.8,11.41
553,Ixtapa,90,MX,1580003102,100,20.7,-105.2,71.01,5.82
554,Cheremkhovo,66,RU,1580003103,89,53.16,103.07,10.24,5.64
555,Igualada,100,ES,1580002987,100,41.58,1.62,53.01,2.24
556,Lavrentiya,0,RU,1580003104,77,65.58,-171.0,-13.47,3.15
